bin	ACA	ACC	ACG	ACT	ATA	ATC	ATG	ATT	CCA	CCC	CCG	CCT	CTA	CTC	CTG	CTT	GCA	GCC	GCG	GCT	GTA	GTC	GTG	GTT	TCA	TCC	TCG	TCT	TTA	TTC	TTG	TTT
Hartwig_CPCT02040278T_On_off	3	3	2	4	4	2	2	2	0	1	0	2	1	0	2	7	5	7	0	11	1	3	2	5	1	7	0	5	4	2	1	5
Hartwig_CPCT02080232T_On_off	14	10	3	19	22	10	11	18	5	9	1	21	13	4	9	19	19	23	4	43	10	6	9	17	7	16	1	14	14	7	9	26
Hartwig_CPCT02120032T_On_off	5	5	0	7	4	4	4	7	2	7	0	8	0	1	3	9	4	18	4	21	2	3	6	6	2	4	2	7	5	0	1	4
Hartwig_CPCT02150022T_On_off	3	7	0	12	1	0	0	1	4	4	1	8	0	0	0	0	18	23	1	37	0	1	1	0	2	9	1	6	0	0	1	1
Hartwig_CPCT02150026T_On_off	6	5	0	9	6	2	3	5	1	6	0	9	1	2	5	1	10	12	2	44	2	2	1	2	3	7	0	4	4	2	1	6
Hartwig_CPCT02150030T_On_off	4	5	0	9	8	1	4	9	3	2	0	1	5	0	3	2	5	8	1	21	2	3	3	3	1	6	1	4	6	3	1	6
Hartwig_CPCT02150033T_On_off	3	2	3	6	2	3	4	3	0	2	1	7	1	0	4	7	2	5	3	17	1	1	1	5	0	2	0	1	5	2	3	6
Hartwig_CPCT02150038T_On_off	1	1	0	2	9	1	2	4	1	3	1	0	2	1	3	1	3	7	0	15	3	2	3	3	0	2	0	1	2	0	0	2
Hartwig_CPCT02180001T_On_off	9	6	0	11	6	2	5	9	2	6	2	8	3	6	5	7	6	18	2	46	9	0	6	3	5	10	0	12	9	0	3	11
Hartwig_CPCT02180015T_On_off	3	3	0	5	5	1	1	3	1	1	0	2	2	1	0	1	3	8	0	6	2	1	1	1	2	6	1	5	1	1	1	2
Hartwig_CPCT02180037T_On_off	2	1	1	4	4	1	0	2	1	4	0	1	2	0	1	4	3	7	2	18	0	0	1	2	1	5	0	2	4	0	0	2
Hartwig_CPCT02180043T_On_off	5	9	0	10	13	4	10	11	2	3	1	8	5	2	5	4	10	11	3	19	3	1	1	4	6	3	1	8	8	3	2	19
Hartwig_CPCT02180068T_On_off	8	6	1	10	14	5	4	10	3	5	0	4	7	5	4	3	16	9	5	35	9	0	4	5	2	2	1	4	10	4	4	17
Hartwig_CPCT02230051T_On_off	1	1	0	3	3	0	1	3	0	1	1	1	1	1	1	0	0	3	0	1	1	0	0	2	1	1	0	0	2	0	2	1
Hartwig_CPCT02230066T_On_off	1	3	4	4	3	3	3	6	0	0	0	3	2	3	5	4	2	1	0	13	4	2	1	1	2	3	0	3	5	4	0	7
Hartwig_CPCT02290041T_On_off	4	7	1	11	21	5	7	18	2	7	0	11	8	8	9	9	5	12	1	37	14	2	9	13	4	6	0	13	21	7	6	17
Hartwig_CPCT02300023T_On_off	3	5	0	5	4	2	3	1	1	2	0	2	2	2	0	2	1	3	3	15	3	1	0	2	4	0	0	2	3	1	0	1
Hartwig_CPCT02300038T_On_off	3	2	0	5	7	2	1	10	1	6	1	6	3	4	4	2	1	9	1	18	5	6	5	3	2	1	0	4	6	6	1	6
Hartwig_CPCT02310012T_On_off	5	6	3	7	20	7	6	16	1	4	1	4	2	5	6	11	8	11	4	20	10	1	8	9	2	2	3	5	12	6	1	13
Hartwig_CPCT02310017T_On_off	9	12	0	23	21	6	19	12	3	5	1	15	8	7	9	10	20	23	7	54	10	5	14	9	7	6	1	17	11	3	7	13
Hartwig_CPCT02330016T_On_off	7	12	1	11	12	2	2	8	1	4	3	5	7	1	3	3	12	11	4	22	6	1	5	5	4	3	0	5	7	3	1	4
Hartwig_CPCT02340030T_On_off	4	10	4	6	1	0	2	3	30	74	7	41	0	1	2	4	0	9	1	6	1	1	1	2	27	110	25	29	3	1	1	1
Hartwig_CPCT02340031T_On_off	3	8	2	4	9	3	4	3	2	4	1	3	2	1	1	5	4	16	3	21	1	0	1	3	1	5	0	8	4	2	0	5
Hartwig_WIDE01010265T_On_off	1	3	0	2	3	2	1	1	1	1	1	1	0	3	5	3	2	9	1	15	2	2	3	2	3	1	0	4	3	1	0	3
Hartwig_WIDE01010545T_On_off	15	21	4	19	14	3	2	8	8	16	4	13	3	0	7	4	17	20	6	69	5	1	3	4	13	10	0	14	10	0	7	9
PCAWG_CLLE-ES_DO51967_On_off	1	3	1	1	1	1	0	1	0	2	1	1	0	0	1	0	0	1	0	3	2	0	0	0	1	0	0	1	1	0	1	2
PCAWG_CLLE-ES_DO51989_On_off	0	2	1	1	1	0	0	1	0	2	0	0	2	2	2	0	0	3	1	3	0	1	1	0	0	0	0	0	0	1	0	0
PCAWG_CLLE-ES_DO51992_On_off	1	1	0	0	0	2	0	2	0	3	0	3	1	1	1	0	0	3	0	6	1	1	0	1	0	1	1	1	0	0	1	0
PCAWG_CLLE-ES_DO52698_On_off	0	0	0	0	0	0	0	0	0	0	0	0	0	0	0	0	0	0	0	2	0	0	0	0	0	0	0	0	0	0	0	0
PCAWG_CLLE-ES_DO52699_On_off	0	0	1	2	1	1	0	2	1	2	0	3	0	2	2	3	3	0	1	7	0	0	2	4	0	0	0	0	0	0	1	1
PCAWG_CLLE-ES_DO52700_On_off	0	2	2	2	2	1	0	1	0	0	0	3	2	0	1	2	2	4	0	5	0	0	4	1	0	1	0	3	2	1	3	2
PCAWG_CLLE-ES_DO52701_On_off	1	2	0	1	4	1	2	5	0	5	0	3	3	3	1	5	3	3	0	15	3	2	0	3	0	1	0	3	1	3	0	5
PCAWG_CLLE-ES_DO52702_On_off	0	0	0	2	1	1	0	0	1	0	0	0	0	0	0	0	1	3	0	7	0	0	0	0	0	0	0	0	0	0	0	0
PCAWG_CLLE-ES_DO52703_On_off	0	1	0	0	0	0	0	0	0	0	0	0	0	0	0	0	1	4	1	5	0	0	0	0	0	0	0	0	0	0	0	0
PCAWG_CLLE-ES_DO52704_On_off	0	2	0	2	1	1	1	0	0	1	0	1	1	1	2	0	3	3	0	5	1	3	0	0	0	0	0	2	0	0	0	1
PCAWG_CLLE-ES_DO52706_On_off	0	3	0	3	0	0	0	0	1	2	0	1	0	0	0	0	2	6	0	9	0	0	0	0	0	1	0	1	0	0	0	0
PCAWG_CLLE-ES_DO52707_On_off	0	1	1	1	3	0	4	2	3	0	1	2	4	1	0	0	1	6	0	8	3	1	0	0	0	1	0	1	3	0	2	4
PCAWG_CLLE-ES_DO52708_On_off	2	3	1	5	0	0	1	2	0	1	1	2	1	1	0	1	5	8	1	9	0	1	2	1	1	1	0	2	1	1	2	1
PCAWG_CLLE-ES_DO52709_On_off	0	4	1	4	2	2	3	4	0	1	1	1	2	2	1	2	2	1	0	8	2	0	1	1	1	1	0	0	4	2	2	2
PCAWG_CLLE-ES_DO52710_On_off	0	0	0	0	1	0	0	1	0	0	0	0	0	0	0	0	0	0	0	7	0	1	1	0	0	0	0	0	1	0	0	0
PCAWG_CLLE-ES_DO52711_On_off	0	1	0	2	0	0	2	0	1	1	2	2	1	5	3	1	2	3	0	8	2	1	0	1	0	0	0	1	1	1	1	3
PCAWG_CLLE-ES_DO52712_On_off	3	3	0	2	16	3	6	6	3	3	0	3	5	0	2	2	0	4	1	10	5	1	4	5	3	1	0	5	11	3	2	7
PCAWG_CLLE-ES_DO52713_On_off	0	3	0	2	1	1	2	4	1	3	0	4	2	3	0	6	1	1	0	15	0	1	2	2	2	1	0	1	0	0	0	2
PCAWG_CLLE-ES_DO52714_On_off	0	0	1	2	0	0	3	1	1	2	0	2	1	3	3	3	1	3	1	11	0	0	3	0	0	1	0	0	1	0	0	1
PCAWG_CLLE-ES_DO52716_On_off	0	0	0	1	0	0	0	0	0	0	0	0	0	0	1	0	0	0	0	1	1	0	0	0	0	1	0	0	0	0	0	0
PCAWG_CLLE-ES_DO52717_On_off	1	3	0	1	7	3	4	4	0	4	0	2	4	2	3	4	4	6	0	15	1	3	1	2	2	4	1	0	2	1	3	5
PCAWG_CLLE-ES_DO52718_On_off	1	1	0	4	2	2	1	4	1	1	0	2	1	1	2	1	1	3	0	4	1	0	0	1	1	2	0	0	1	0	0	2
PCAWG_CLLE-ES_DO52719_On_off	0	0	0	0	1	0	0	1	0	0	1	1	2	1	3	0	0	0	1	4	0	1	0	3	0	1	0	0	1	0	1	2
PCAWG_CLLE-ES_DO52720_On_off	1	2	0	0	0	0	0	0	0	0	0	1	0	0	0	0	2	0	0	13	0	0	0	0	0	1	0	1	0	0	0	0
PCAWG_CLLE-ES_DO52721_On_off	0	0	0	3	5	0	2	4	0	2	0	4	2	0	4	1	1	7	0	4	0	1	0	1	0	1	0	1	6	1	2	2
PCAWG_CLLE-ES_DO52722_On_off	0	0	0	0	0	0	0	0	1	1	0	0	0	1	0	0	0	1	1	3	0	0	0	1	1	0	0	1	1	0	0	0
PCAWG_CLLE-ES_DO52724_On_off	0	1	0	3	0	0	0	0	0	0	0	0	0	0	0	1	1	1	0	2	0	0	0	0	0	0	1	0	0	0	0	0
PCAWG_CLLE-ES_DO52725_On_off	3	3	1	0	9	2	3	8	1	0	0	0	2	2	1	3	3	1	0	13	2	0	1	2	3	2	0	1	1	1	1	6
PCAWG_CLLE-ES_DO6350_On_off	1	0	0	0	2	0	0	0	0	1	0	0	0	0	0	0	3	2	0	3	0	0	0	0	0	0	0	0	0	0	0	0
PCAWG_CLLE-ES_DO6351_On_off	0	0	0	1	0	0	0	0	0	0	0	0	0	0	0	0	0	2	1	5	0	0	0	0	0	0	0	0	1	0	0	0
PCAWG_CLLE-ES_DO6352_On_off	0	0	0	3	2	0	2	1	0	0	0	0	0	0	0	1	1	0	0	3	0	1	1	0	1	1	0	1	6	0	0	1
PCAWG_CLLE-ES_DO6353_On_off	0	2	1	0	0	1	1	0	0	0	0	1	0	0	1	1	0	1	0	2	0	1	4	1	1	0	0	0	0	1	1	3
PCAWG_CLLE-ES_DO6354_On_off	0	0	2	1	0	0	0	0	0	1	0	0	0	0	0	0	0	0	1	0	0	0	0	0	0	1	0	0	0	0	0	0
PCAWG_CLLE-ES_DO6362_On_off	1	0	0	0	0	0	0	0	0	0	0	1	0	0	0	0	0	2	0	5	0	0	1	0	2	0	0	1	0	0	0	0
PCAWG_CLLE-ES_DO6364_On_off	0	0	1	0	0	0	0	0	0	0	1	0	0	0	0	0	1	0	1	0	0	0	0	0	0	0	0	0	0	0	0	0
PCAWG_CLLE-ES_DO6368_On_off	1	1	0	1	2	0	0	0	0	0	0	1	0	0	0	0	5	4	0	11	0	0	0	0	0	0	0	1	0	0	0	0
PCAWG_CLLE-ES_DO6370_On_off	3	0	0	4	0	0	1	0	0	1	0	1	0	0	0	0	1	1	0	18	0	0	0	0	0	0	0	1	0	0	0	1
PCAWG_CLLE-ES_DO6378_On_off	0	0	0	0	0	0	0	0	0	0	0	1	1	0	0	0	0	3	0	3	0	0	0	0	1	1	0	0	0	0	0	1
PCAWG_CLLE-ES_DO6382_On_off	0	0	0	0	0	0	0	0	0	0	0	0	0	0	0	0	0	0	0	3	0	0	0	0	0	1	0	0	0	0	0	0
PCAWG_CLLE-ES_DO6388_On_off	0	0	0	0	0	0	0	0	0	0	0	0	0	0	0	0	0	0	0	0	0	0	0	0	0	0	0	0	0	0	0	0
PCAWG_CLLE-ES_DO6390_On_off	0	0	0	0	0	0	0	0	0	0	0	0	0	0	0	0	0	0	0	0	0	0	0	0	0	0	0	1	0	1	0	0
PCAWG_CLLE-ES_DO6394_On_off	0	0	0	1	0	0	0	0	0	0	0	0	0	0	0	0	0	1	1	1	0	0	0	0	1	0	0	0	1	0	0	0
PCAWG_CLLE-ES_DO6396_On_off	0	0	0	0	0	0	1	2	0	1	0	0	2	0	0	0	0	0	1	1	1	0	0	0	0	1	0	1	1	0	0	1
PCAWG_CLLE-ES_DO6398_On_off	0	2	0	3	2	0	0	0	1	1	0	1	0	1	0	0	3	4	0	12	0	1	0	0	0	1	0	1	0	0	1	1
PCAWG_CLLE-ES_DO6402_On_off	1	0	0	3	9	3	1	10	0	0	0	1	3	0	1	7	0	5	0	9	1	3	3	3	0	1	0	2	5	3	1	12
PCAWG_CLLE-ES_DO6410_On_off	0	0	0	0	0	1	0	0	0	0	0	0	0	0	0	0	0	0	0	0	0	1	0	0	1	0	0	0	0	0	0	0
PCAWG_CLLE-ES_DO6418_On_off	1	0	0	0	0	0	0	0	1	1	0	0	1	0	0	0	2	0	0	1	0	0	0	0	0	0	1	0	0	0	0	0
PCAWG_CLLE-ES_DO6428_On_off	0	0	0	1	0	1	0	0	1	1	0	0	0	0	0	0	0	0	1	1	0	0	0	1	0	0	0	0	0	0	0	0
PCAWG_CLLE-ES_DO6430_On_off	0	1	1	1	0	0	0	0	0	0	1	0	0	0	0	0	0	4	0	11	0	0	0	0	0	1	0	2	0	0	0	0
PCAWG_CLLE-ES_DO6432_On_off	1	1	0	1	2	0	1	1	0	1	0	0	2	2	3	0	2	0	0	7	0	0	1	0	0	0	0	0	1	0	1	4
PCAWG_CLLE-ES_DO6434_On_off	0	0	0	0	0	0	0	0	0	0	0	0	0	0	0	0	0	0	0	3	0	0	0	1	0	0	0	0	0	0	0	0
PCAWG_CLLE-ES_DO6436_On_off	0	0	0	0	0	0	0	1	0	0	0	1	0	1	0	0	0	1	1	0	0	0	0	0	0	1	0	0	0	0	1	1
PCAWG_CLLE-ES_DO6438_On_off	3	7	2	4	2	2	4	3	1	3	0	2	2	2	3	2	3	6	1	11	0	4	1	1	0	0	1	3	1	3	1	3
PCAWG_CLLE-ES_DO6450_On_off	1	0	0	2	0	0	0	1	0	0	0	0	0	0	0	0	0	1	0	1	0	0	1	0	0	1	0	0	3	0	0	0
PCAWG_CLLE-ES_DO6470_On_off	0	0	1	1	0	0	0	0	0	0	0	2	0	0	0	0	1	2	0	2	0	0	0	0	0	0	0	0	0	0	2	0
PCAWG_CLLE-ES_DO6474_On_off	1	0	0	1	0	0	0	0	0	0	0	0	0	0	0	0	0	1	0	2	0	0	0	0	0	0	0	0	0	0	0	1
PCAWG_CLLE-ES_DO6492_On_off	0	4	0	8	5	3	4	12	2	3	0	1	3	4	1	4	3	6	1	7	2	3	1	3	1	2	0	4	4	1	3	9
PCAWG_CLLE-ES_DO6504_On_off	0	0	0	0	0	0	0	0	0	0	0	0	1	1	0	1	0	2	0	3	0	0	0	0	0	0	0	0	0	0	0	1
PCAWG_CLLE-ES_DO6513_On_off	2	1	2	3	4	0	1	2	0	1	0	1	2	1	0	1	2	0	1	3	2	0	1	3	0	0	1	1	6	1	0	4
PCAWG_CLLE-ES_DO6549_On_off	0	0	0	1	0	0	0	0	0	0	0	1	0	0	0	0	0	1	0	0	0	0	0	0	0	0	0	0	0	0	0	0
PCAWG_CLLE-ES_DO6552_On_off	1	0	0	2	0	0	0	0	0	0	1	2	0	0	0	0	0	1	0	11	0	0	0	0	0	0	0	0	0	0	1	0
PCAWG_CLLE-ES_DO6558_On_off	0	0	0	0	1	0	1	0	0	0	0	0	0	0	0	0	1	0	0	1	0	0	0	1	0	0	0	0	0	0	0	0
PCAWG_CLLE-ES_DO6561_On_off	0	1	0	1	0	0	0	0	1	0	0	0	0	0	0	0	2	0	0	3	1	0	0	0	0	0	0	0	0	0	0	0
PCAWG_CLLE-ES_DO6580_On_off	0	0	0	0	0	0	0	0	0	0	0	0	0	0	0	0	0	0	0	0	0	0	0	0	1	0	0	0	1	0	1	0
PCAWG_CLLE-ES_DO6585_On_off	2	0	0	0	3	2	4	3	0	0	0	3	0	1	0	3	0	1	0	4	0	0	0	1	1	0	0	1	3	1	0	1
PCAWG_CLLE-ES_DO6610_On_off	0	0	0	0	0	0	1	0	0	1	0	0	0	0	0	0	1	1	0	1	0	0	0	0	0	0	0	0	0	0	0	0
PCAWG_CLLE-ES_DO6665_On_off	0	0	0	1	1	1	1	3	1	1	0	2	3	0	3	2	0	3	0	10	4	0	2	2	2	1	1	3	3	2	1	5
PCAWG_CLLE-ES_DO6690_On_off	0	1	0	1	0	0	2	0	0	1	0	0	0	0	0	0	2	2	0	1	0	0	0	1	1	1	1	0	1	0	0	0
PCAWG_CLLE-ES_DO6695_On_off	0	0	0	0	0	0	0	0	0	0	0	0	1	0	0	0	0	0	0	2	0	0	0	0	0	0	0	0	0	1	0	0
PCAWG_CLLE-ES_DO6742_On_off	1	1	0	0	0	0	0	0	0	2	0	0	0	0	0	0	0	2	0	4	0	0	0	0	0	1	0	0	0	0	0	0
PCAWG_CLLE-ES_DO6748_On_off	1	0	0	1	0	0	0	0	0	1	0	0	0	0	0	0	0	2	0	5	0	0	0	0	0	0	0	0	0	1	0	0
PCAWG_CLLE-ES_DO6754_On_off	1	2	1	0	4	0	4	1	1	3	0	2	2	1	3	1	1	3	0	7	3	0	2	2	0	1	0	2	4	2	2	0
PCAWG_CLLE-ES_DO6898_On_off	1	1	0	2	1	0	0	0	0	2	0	1	1	1	0	0	3	6	0	17	0	0	1	0	0	1	0	1	0	0	0	1
PCAWG_CLLE-ES_DO6934_On_off	1	0	0	0	1	1	0	1	2	0	0	0	0	0	0	0	0	0	0	1	0	0	0	0	0	0	1	0	0	0	0	0
PCAWG_CLLE-ES_DO6946_On_off	0	0	0	0	0	0	0	0	0	0	0	0	0	0	0	0	0	2	0	2	0	0	0	0	0	0	0	0	0	0	0	1
PCAWG_CLLE-ES_DO7018_On_off	2	1	0	2	0	1	0	1	1	1	0	0	0	0	3	1	1	1	0	9	1	0	2	0	0	2	0	1	0	2	0	1
PCAWG_CLLE-ES_DO7024_On_off	4	2	1	0	3	2	1	2	0	0	0	1	1	1	1	1	0	2	1	8	3	0	3	3	1	1	0	1	1	0	3	0
PCAWG_CLLE-ES_DO7084_On_off	0	0	0	0	0	0	0	0	1	0	0	0	0	0	0	0	0	0	0	0	0	0	0	0	0	0	0	0	0	0	0	0
PCAWG_CLLE-ES_DO7108_On_off	1	3	1	2	3	1	0	2	0	0	0	0	3	0	1	0	0	2	0	5	0	0	1	3	1	0	0	1	4	0	0	2
PCAWG_CLLE-ES_DO7112_On_off	0	1	0	1	1	1	0	1	0	0	1	1	0	1	0	0	1	1	1	6	0	0	0	1	1	0	0	2	0	0	0	2
PCAWG_CLLE-ES_DO7124_On_off	0	0	1	1	0	0	0	0	0	0	0	1	0	0	0	0	1	2	0	3	0	0	0	0	0	1	0	0	0	0	0	0
PCAWG_CLLE-ES_DO7136_On_off	0	1	0	0	5	2	2	8	0	1	0	0	4	0	1	1	1	5	0	6	1	0	1	0	0	1	0	0	2	3	0	3
PCAWG_CLLE-ES_DO7166_On_off	0	0	0	0	0	0	0	0	0	0	1	1	1	0	0	0	0	0	0	4	0	0	0	0	1	0	0	0	0	0	0	0
PCAWG_CLLE-ES_DO7172_On_off	0	0	0	0	0	0	0	0	0	0	0	0	0	0	0	1	0	0	0	0	0	0	0	0	0	0	0	0	0	0	0	0
PCAWG_CLLE-ES_DO7196_On_off	1	2	0	3	0	3	3	1	0	0	0	1	2	1	3	3	1	4	2	7	0	2	1	1	2	0	0	3	3	0	0	4
PCAWG_CLLE-ES_DO7214_On_off	2	1	0	5	2	2	4	0	0	0	0	0	1	2	3	3	1	3	0	14	1	0	1	1	1	2	0	3	6	0	0	1
PCAWG_CLLE-ES_DO7280_On_off	2	0	0	9	3	3	0	2	0	0	1	1	2	0	0	3	3	7	0	8	3	1	2	0	1	2	0	4	4	1	2	4
PCAWG_CLLE-ES_DO7304_On_off	0	2	0	0	0	0	0	0	0	2	0	0	0	0	1	0	0	0	1	1	0	1	0	2	1	0	0	2	0	1	0	0
PCAWG_CLLE-ES_DO7328_On_off	0	0	0	0	0	0	0	0	0	0	0	0	0	0	0	0	0	0	0	0	0	0	0	0	0	0	0	0	0	0	0	0
PCAWG_MALY-DE_DO221123_On_off	13	7	3	20	28	9	9	30	5	10	0	14	13	16	16	15	15	25	4	48	11	6	6	13	7	10	1	10	17	6	12	27
PCAWG_MALY-DE_DO221124_On_off	4	9	1	14	10	0	2	8	4	5	0	4	6	2	1	2	8	10	3	23	5	2	3	10	9	7	0	5	7	4	1	11
PCAWG_MALY-DE_DO221127_On_off	4	1	1	6	6	1	3	6	1	5	2	5	3	3	4	3	4	8	1	14	3	2	3	3	3	1	0	3	5	1	5	4
PCAWG_MALY-DE_DO221129_On_off	9	6	0	10	9	1	8	17	2	2	0	2	8	3	6	8	5	5	0	18	10	4	4	7	2	4	0	4	12	6	5	21
PCAWG_MALY-DE_DO27763_On_off	0	1	0	1	1	0	0	0	0	1	0	1	0	0	0	1	1	4	0	2	0	0	0	0	0	0	0	1	0	0	0	0
PCAWG_MALY-DE_DO27764_On_off	2	4	0	7	2	0	3	2	0	1	0	4	1	0	0	0	0	3	2	12	2	0	0	3	0	2	0	2	2	1	0	3
PCAWG_MALY-DE_DO27765_On_off	1	0	1	2	0	1	0	2	0	0	1	0	0	0	0	1	1	5	0	3	1	0	0	0	1	0	0	1	0	2	1	1
PCAWG_MALY-DE_DO27767_On_off	0	4	1	2	0	0	1	0	3	3	0	3	1	2	1	1	5	2	2	7	0	4	1	1	0	1	0	5	0	0	2	3
PCAWG_MALY-DE_DO27769_On_off	1	4	1	7	5	2	2	5	2	2	1	4	4	3	2	4	3	9	3	26	3	1	3	1	1	1	0	5	5	0	2	6
PCAWG_MALY-DE_DO27771_On_off	4	3	3	4	8	6	7	11	0	5	0	7	3	3	5	9	2	9	2	8	5	2	3	4	2	1	1	7	9	1	3	16
PCAWG_MALY-DE_DO27773_On_off	2	3	0	1	1	0	2	4	2	0	0	0	1	0	1	5	2	1	0	7	1	0	0	2	0	1	0	0	4	1	3	2
PCAWG_MALY-DE_DO27775_On_off	2	1	1	2	0	1	1	1	0	1	0	2	1	1	1	0	2	6	3	19	2	0	1	1	0	0	1	0	2	1	0	4
PCAWG_MALY-DE_DO27777_On_off	3	8	0	4	4	0	0	1	1	0	0	5	2	0	1	0	3	2	0	10	1	0	0	2	1	3	0	4	0	0	0	2
PCAWG_MALY-DE_DO27779_On_off	13	23	4	27	9	2	9	15	7	18	1	24	6	3	5	8	38	41	2	70	6	1	3	6	14	22	0	33	12	4	1	14
PCAWG_MALY-DE_DO27781_On_off	2	5	1	11	7	1	4	10	2	2	2	2	5	3	1	5	4	8	0	17	2	0	1	3	1	4	0	1	8	2	1	14
PCAWG_MALY-DE_DO27783_On_off	1	6	1	5	8	3	5	8	2	3	3	4	1	3	1	8	3	8	1	12	3	1	1	2	1	5	1	4	8	2	1	5
PCAWG_MALY-DE_DO27785_On_off	3	4	1	6	2	1	2	5	2	0	0	3	5	2	0	3	7	5	2	13	2	0	0	0	2	1	1	1	5	0	1	6
PCAWG_MALY-DE_DO27787_On_off	2	1	1	2	3	2	2	3	1	1	0	1	3	2	1	1	3	3	1	4	3	0	0	1	0	0	0	3	3	2	1	3
PCAWG_MALY-DE_DO27789_On_off	1	3	1	4	3	1	1	2	1	6	0	3	1	1	0	4	11	9	0	36	0	0	2	0	1	4	2	0	1	0	0	0
PCAWG_MALY-DE_DO27791_On_off	0	5	0	3	3	1	2	2	2	6	0	3	1	3	3	3	1	6	1	13	3	2	0	1	3	1	1	3	1	2	0	1
PCAWG_MALY-DE_DO27793_On_off	1	2	1	1	6	1	2	3	0	6	2	5	3	2	2	3	3	8	1	11	2	1	2	1	3	4	1	5	1	3	1	4
PCAWG_MALY-DE_DO27795_On_off	0	0	0	0	3	1	1	2	0	2	0	2	1	0	1	1	4	5	1	18	0	2	0	1	0	2	0	4	0	1	1	2
PCAWG_MALY-DE_DO27797_On_off	0	10	0	6	2	0	4	5	1	3	0	3	0	3	1	3	8	4	2	18	1	0	1	0	0	3	1	1	2	0	0	2
PCAWG_MALY-DE_DO27799_On_off	0	4	0	3	0	1	0	0	0	3	0	2	0	0	1	1	2	5	1	11	1	0	0	0	0	1	0	4	0	0	1	3
PCAWG_MALY-DE_DO27801_On_off	7	5	1	14	19	8	11	10	4	1	0	9	5	9	7	12	12	17	6	38	9	7	4	9	9	8	0	7	10	7	4	13
PCAWG_MALY-DE_DO27803_On_off	3	5	0	5	18	4	13	6	2	3	0	7	4	3	4	6	12	10	2	20	3	2	5	10	3	7	0	8	11	7	3	12
PCAWG_MALY-DE_DO27805_On_off	1	6	0	7	8	2	6	16	0	3	1	3	6	2	2	6	10	6	2	17	3	1	3	1	3	3	1	4	11	1	0	12
PCAWG_MALY-DE_DO27807_On_off	2	2	0	0	3	0	0	2	2	0	0	2	2	2	5	2	7	8	5	4	0	0	3	2	0	6	0	3	2	2	0	3
PCAWG_MALY-DE_DO27809_On_off	3	7	4	10	0	4	0	4	2	1	2	2	1	0	2	4	6	10	1	19	4	0	0	0	5	2	0	3	4	2	2	1
PCAWG_MALY-DE_DO27815_On_off	2	2	0	3	2	0	0	1	0	0	0	0	0	1	0	1	2	1	0	4	0	0	0	1	0	1	0	0	0	2	1	0
PCAWG_MALY-DE_DO27817_On_off	1	1	0	2	3	1	3	1	1	0	0	2	2	0	1	1	2	2	0	4	1	0	1	3	1	2	0	0	3	0	2	0
PCAWG_MALY-DE_DO27819_On_off	0	1	3	1	1	2	0	0	1	1	0	2	0	0	0	0	1	4	0	12	0	1	0	0	1	0	1	1	0	1	0	0
PCAWG_MALY-DE_DO27821_On_off	1	6	0	3	7	1	2	5	0	3	0	1	2	0	7	3	3	6	2	23	2	0	0	4	2	3	0	6	4	2	0	0
PCAWG_MALY-DE_DO27823_On_off	0	1	0	1	0	0	0	1	0	0	0	2	0	0	1	0	0	2	0	2	0	1	0	0	2	0	1	0	0	0	0	0
PCAWG_MALY-DE_DO27825_On_off	0	2	0	4	0	0	0	1	1	1	1	3	1	0	1	2	4	3	0	12	0	0	0	0	0	2	0	2	0	0	0	2
PCAWG_MALY-DE_DO27827_On_off	11	11	2	23	12	4	2	7	2	6	8	16	6	4	3	7	22	26	4	52	7	3	1	3	5	10	1	7	8	2	8	10
PCAWG_MALY-DE_DO27829_On_off	1	4	0	1	1	2	1	1	1	2	0	2	1	2	0	1	1	2	0	7	0	1	1	0	0	1	1	2	1	0	1	0
PCAWG_MALY-DE_DO27833_On_off	5	5	3	8	6	4	4	3	2	4	2	8	4	5	2	4	10	16	3	24	1	1	2	2	3	6	0	7	3	2	1	4
PCAWG_MALY-DE_DO27835_On_off	1	1	1	4	5	1	3	2	1	2	0	4	1	0	3	0	3	4	3	19	0	1	3	6	2	5	1	3	0	1	1	6
PCAWG_MALY-DE_DO27837_On_off	1	5	1	5	4	1	3	7	1	1	0	2	1	2	4	3	0	2	2	14	0	3	5	2	1	0	0	3	3	0	3	2
PCAWG_MALY-DE_DO27841_On_off	1	3	0	0	4	1	1	3	2	1	1	0	0	2	5	0	2	4	1	9	1	1	2	1	1	3	0	2	1	2	0	5
PCAWG_MALY-DE_DO27843_On_off	3	2	0	4	10	2	3	2	2	0	0	1	4	0	1	4	8	2	0	15	2	1	2	2	2	1	0	0	7	1	2	5
PCAWG_MALY-DE_DO27845_On_off	2	5	1	1	2	3	5	7	1	0	0	2	2	2	0	1	4	4	0	8	2	1	2	3	1	2	0	0	1	0	1	1
PCAWG_MALY-DE_DO27847_On_off	3	2	2	16	0	2	2	6	1	10	1	5	0	0	1	2	6	11	2	27	4	0	1	1	2	7	0	13	1	0	1	1
PCAWG_MALY-DE_DO27849_On_off	3	2	0	3	5	1	2	3	2	2	1	3	1	2	0	0	3	6	1	10	3	0	2	2	1	5	0	1	3	0	2	0
PCAWG_MALY-DE_DO27851_On_off	14	24	5	29	16	8	10	31	7	18	2	20	8	7	10	20	25	40	7	73	8	9	6	12	4	19	0	21	13	7	7	19
PCAWG_MALY-DE_DO27853_On_off	15	22	2	19	18	5	13	18	8	8	0	15	6	5	10	18	22	26	4	70	13	1	4	11	9	14	3	13	9	2	5	18
PCAWG_MALY-DE_DO27855_On_off	7	11	0	13	6	1	0	5	3	4	0	8	1	0	3	6	24	18	0	34	1	0	0	2	4	4	0	4	2	5	0	4
PCAWG_MALY-DE_DO27857_On_off	1	5	1	5	3	0	5	4	2	1	1	4	4	0	3	4	3	11	3	21	6	3	3	1	2	2	1	3	9	2	4	4
PCAWG_MALY-DE_DO27859_On_off	3	1	4	3	0	1	1	9	1	4	0	5	3	1	2	2	4	5	3	11	4	0	4	2	0	2	0	4	5	3	2	6
PCAWG_MALY-DE_DO52647_On_off	4	5	0	16	10	0	3	7	1	5	0	6	9	1	2	2	9	9	0	36	2	1	2	4	4	7	1	1	7	4	2	6
PCAWG_MALY-DE_DO52649_On_off	4	3	0	5	8	2	2	8	1	1	1	4	3	4	2	2	6	3	0	4	2	1	1	0	0	0	0	3	3	2	1	8
PCAWG_MALY-DE_DO52650_On_off	15	9	3	21	23	5	5	19	3	12	1	22	7	9	6	15	23	17	1	46	13	6	7	6	6	8	1	12	14	4	5	17
PCAWG_MALY-DE_DO52651_On_off	8	13	0	22	7	1	8	8	4	8	3	16	2	3	2	2	19	30	2	77	6	2	1	3	3	13	0	10	7	0	4	6
PCAWG_MALY-DE_DO52652_On_off	2	3	0	8	2	4	1	0	0	1	1	1	1	3	5	2	9	14	2	36	1	0	1	4	5	4	0	5	1	2	1	3
PCAWG_MALY-DE_DO52653_On_off	4	2	2	5	4	1	5	3	4	2	0	2	2	1	1	1	3	4	0	15	4	2	1	1	2	2	0	2	1	0	0	2
PCAWG_MALY-DE_DO52654_On_off	8	1	4	4	9	1	3	6	2	4	1	3	3	2	2	5	6	3	0	20	1	0	2	1	3	5	0	3	4	1	1	6
PCAWG_MALY-DE_DO52655_On_off	4	1	2	7	9	3	5	10	5	1	0	3	4	2	5	10	10	12	3	21	6	4	7	11	3	2	0	7	3	1	4	13
PCAWG_MALY-DE_DO52656_On_off	3	6	0	5	1	0	3	1	3	3	0	7	1	2	0	0	4	7	0	17	2	0	1	7	0	3	1	0	4	0	2	5
PCAWG_MALY-DE_DO52657_On_off	2	6	0	6	9	2	4	5	0	2	2	6	1	9	5	9	3	7	2	14	4	0	2	2	0	1	0	5	3	1	2	7
PCAWG_MALY-DE_DO52658_On_off	2	4	1	6	1	0	2	1	3	6	3	3	0	0	0	0	9	7	0	26	0	1	0	1	0	4	0	3	1	0	0	6
PCAWG_MALY-DE_DO52659_On_off	3	12	1	7	0	0	0	1	1	5	0	12	1	0	3	2	15	14	3	28	0	1	1	0	0	4	2	8	2	0	1	4
PCAWG_MALY-DE_DO52661_On_off	5	3	1	11	5	1	4	9	2	4	1	7	2	2	2	2	5	15	4	18	2	2	4	5	1	3	0	6	7	1	3	1
PCAWG_MALY-DE_DO52662_On_off	3	2	0	8	3	4	1	3	0	2	0	8	1	1	2	2	4	9	0	27	0	2	3	2	2	0	0	2	3	1	0	4
PCAWG_MALY-DE_DO52663_On_off	13	13	4	17	22	7	8	15	2	12	0	17	7	5	10	18	27	36	2	56	13	6	5	2	8	15	0	18	14	5	3	18
PCAWG_MALY-DE_DO52664_On_off	11	7	4	17	20	0	11	14	3	12	0	14	7	4	9	13	9	26	3	48	8	4	9	10	9	12	2	7	11	8	3	16
PCAWG_MALY-DE_DO52665_On_off	5	8	2	7	3	4	2	3	1	5	2	8	4	0	2	1	9	17	3	40	2	5	5	1	6	4	0	6	3	2	1	4
PCAWG_MALY-DE_DO52666_On_off	9	9	5	3	2	0	5	9	4	15	1	7	2	5	6	8	14	22	1	34	4	4	3	6	8	11	1	8	4	1	1	3
PCAWG_MALY-DE_DO52667_On_off	2	1	0	1	2	1	1	4	2	0	2	1	2	4	4	4	4	2	1	5	3	2	2	0	0	1	0	2	6	0	1	2
PCAWG_MALY-DE_DO52668_On_off	0	2	0	4	2	2	0	0	0	4	0	2	0	2	0	1	2	5	1	11	0	1	0	2	0	2	1	1	1	0	1	1
PCAWG_MALY-DE_DO52669_On_off	7	2	1	8	2	2	1	9	1	5	1	2	3	0	2	5	8	10	1	20	3	1	3	1	0	5	0	3	7	1	3	0
PCAWG_MALY-DE_DO52670_On_off	9	9	1	15	8	1	2	6	7	5	4	12	2	3	6	3	11	23	3	63	2	4	3	2	3	8	0	3	5	4	1	11
PCAWG_MALY-DE_DO52671_On_off	13	3	1	6	9	6	13	16	4	3	0	9	12	6	6	8	7	12	1	29	6	4	12	7	3	3	0	7	13	7	3	12
PCAWG_MALY-DE_DO52672_On_off	3	11	2	6	8	2	6	9	2	6	2	8	6	3	12	1	8	9	1	44	5	2	7	7	4	4	0	8	10	3	4	13
PCAWG_MALY-DE_DO52673_On_off	0	0	0	0	0	0	0	0	0	0	0	0	0	0	0	0	0	0	0	0	0	0	0	0	0	0	0	0	0	1	0	0
PCAWG_MALY-DE_DO52674_On_off	24	30	2	38	14	3	12	24	16	20	2	27	12	1	15	16	44	40	11	81	5	6	4	6	6	23	1	27	14	7	2	11
PCAWG_MALY-DE_DO52675_On_off	62	48	6	72	19	3	2	13	16	32	3	42	8	1	2	9	62	73	8	157	7	3	3	8	17	40	4	45	29	8	5	18
PCAWG_MALY-DE_DO52676_On_off	3	3	0	1	1	1	3	3	0	2	0	3	0	0	4	1	2	4	2	11	3	0	2	4	1	3	0	2	4	1	1	3
PCAWG_MALY-DE_DO52677_On_off	5	6	2	6	4	0	6	1	5	0	0	3	0	0	1	1	12	8	1	31	7	1	3	1	1	3	0	7	2	0	0	2
PCAWG_MALY-DE_DO52679_On_off	11	19	9	35	27	4	5	20	4	18	3	29	9	2	7	15	35	36	8	110	9	5	5	12	7	15	6	14	11	8	3	23
PCAWG_MALY-DE_DO52680_On_off	0	3	0	1	4	3	0	1	0	0	0	3	0	0	2	0	1	1	0	8	1	2	0	1	1	0	0	1	2	0	2	3
PCAWG_MALY-DE_DO52681_On_off	4	6	1	7	10	4	2	5	3	8	0	6	1	5	2	5	5	12	3	40	4	4	0	2	4	2	0	7	1	5	1	3
PCAWG_MALY-DE_DO52682_On_off	6	5	0	4	12	2	2	10	2	1	0	5	6	6	2	7	3	3	1	16	7	2	6	6	2	3	0	6	9	3	1	5
PCAWG_MALY-DE_DO52683_On_off	4	5	1	5	7	2	3	7	1	3	0	3	1	4	1	6	5	12	2	25	2	2	4	1	2	3	0	8	4	1	4	6
PCAWG_MALY-DE_DO52684_On_off	6	9	1	22	21	3	10	11	1	3	3	8	10	10	6	11	12	8	1	19	8	6	5	10	4	4	1	8	14	7	3	9
PCAWG_MALY-DE_DO52685_On_off	7	6	0	7	6	10	3	9	7	5	0	8	6	4	1	7	10	9	2	26	5	6	1	5	3	1	0	7	11	4	6	12
PCAWG_MALY-DE_DO52686_On_off	51	67	9	101	10	4	7	10	17	46	8	66	5	1	3	6	82	128	32	284	6	6	11	2	37	70	4	72	5	9	2	14
PCAWG_MALY-DE_DO52687_On_off	4	6	0	10	8	6	3	4	3	6	0	8	3	4	5	1	11	5	1	58	3	1	1	6	3	3	0	3	6	2	4	11
PCAWG_MALY-DE_DO52688_On_off	2	7	0	5	5	1	2	7	1	1	0	6	3	5	1	2	3	8	0	16	2	1	1	1	1	2	1	5	6	0	1	3
PCAWG_MALY-DE_DO52689_On_off	3	5	1	0	13	1	1	6	0	2	0	5	3	2	1	6	4	1	0	14	5	4	4	3	1	4	1	6	6	3	1	9
PCAWG_MALY-DE_DO52690_On_off	1	2	0	3	7	1	9	3	1	0	0	2	1	4	1	7	2	4	1	8	6	2	3	4	0	3	3	1	8	0	2	11
PCAWG_MALY-DE_DO52691_On_off	3	5	0	6	3	1	1	0	0	1	1	2	2	0	3	0	3	1	1	19	0	0	1	0	3	2	2	4	1	0	0	1
PCAWG_MALY-DE_DO52692_On_off	50	51	8	87	13	4	12	13	20	44	8	46	11	8	2	13	79	109	23	254	9	2	8	7	27	49	3	42	13	4	2	15
PCAWG_MALY-DE_DO52693_On_off	5	6	0	11	7	3	3	11	4	5	0	6	6	1	7	3	4	11	0	28	7	4	6	4	3	3	2	5	8	3	6	12
PCAWG_MALY-DE_DO52694_On_off	2	2	1	3	10	0	4	3	2	4	0	3	2	1	3	3	2	12	0	12	1	0	1	3	2	2	0	4	5	5	0	2
PCAWG_MALY-DE_DO52695_On_off	2	1	3	5	7	2	4	0	2	5	0	2	4	1	1	1	7	9	1	20	2	2	4	1	2	1	0	5	1	3	3	3
PCAWG_MALY-DE_DO52696_On_off	2	2	0	2	0	1	1	0	0	2	0	3	0	0	1	0	2	3	0	9	1	3	0	2	1	2	0	2	1	0	1	1
TCGA_DLBC-US_DO222303_On_off	3	9	0	4	5	4	3	8	1	9	0	5	4	6	7	5	9	16	1	38	3	4	5	3	5	3	0	5	3	3	1	3
TCGA_DLBC-US_DO222304_On_off	2	8	0	10	11	3	8	4	3	6	1	11	1	1	10	8	10	22	1	66	8	2	2	1	5	3	2	7	4	5	3	10
TCGA_DLBC-US_DO222305_On_off	9	18	5	29	10	3	3	8	5	11	1	17	6	3	5	9	19	32	6	74	12	3	3	8	8	15	4	18	6	4	0	10
TCGA_DLBC-US_DO222306_On_off	5	6	1	3	3	0	4	2	5	7	1	8	0	1	1	4	7	18	2	38	1	1	1	1	5	8	0	6	4	0	3	1
TCGA_DLBC-US_DO222307_On_off	11	18	2	20	22	4	8	16	11	10	2	14	12	7	11	17	20	26	6	68	16	6	6	13	4	13	1	17	20	3	10	28
TCGA_DLBC-US_DO222308_On_off	13	6	2	14	2	0	1	3	4	5	1	11	0	0	3	6	10	26	1	49	1	0	2	1	4	8	2	5	5	1	5	3
TCGA_DLBC-US_DO222309_On_off	16	16	2	15	26	6	17	25	5	5	2	11	10	12	8	14	15	17	4	43	14	2	9	16	4	8	2	12	22	5	6	20
Hartwig_CPCT02040278T_Unclustered	265	178	217	222	291	131	188	313	199	163	126	235	145	122	151	286	205	183	151	261	124	94	99	182	212	193	97	287	302	173	168	419
Hartwig_CPCT02080232T_Unclustered	510	339	416	424	564	251	360	605	383	312	243	449	281	236	291	565	392	347	290	505	240	184	187	353	411	370	187	556	587	332	323	811
Hartwig_CPCT02120032T_Unclustered	313	209	256	262	344	154	222	370	235	192	149	276	171	144	178	340	242	215	178	313	147	111	117	215	251	228	115	339	357	204	198	491
Hartwig_CPCT02150022T_Unclustered	101	66	81	83	112	50	71	120	77	61	49	88	56	46	58	105	78	68	57	99	48	32	39	71	83	72	37	109	117	57	59	143
Hartwig_CPCT02150026T_Unclustered	361	241	295	302	398	178	256	428	271	222	172	319	198	167	206	395	279	248	206	362	170	129	131	249	290	263	133	393	414	235	229	573
Hartwig_CPCT02150030T_Unclustered	210	138	170	172	235	104	147	251	158	127	101	184	118	98	120	243	159	139	119	197	100	78	79	148	172	146	77	233	247	137	133	336
Hartwig_CPCT02150033T_Unclustered	124	82	101	102	138	61	87	148	93	75	59	109	69	58	71	137	94	83	70	115	59	46	47	87	101	89	46	137	145	81	78	198
Hartwig_CPCT02150038T_Unclustered	233	153	189	191	261	115	163	279	175	141	112	204	131	109	134	270	176	154	132	220	111	86	88	164	187	167	86	259	275	152	147	374
Hartwig_CPCT02180001T_Unclustered	488	325	398	406	540	240	345	579	367	299	233	430	269	221	279	541	375	333	278	484	230	176	183	338	394	354	179	533	562	318	309	776
Hartwig_CPCT02180015T_Unclustered	202	133	164	161	226	100	141	242	152	122	97	177	113	94	116	234	153	134	115	190	96	75	76	142	166	145	74	224	238	132	128	324
Hartwig_CPCT02180037T_Unclustered	250	164	203	204	280	123	174	299	188	151	120	218	140	117	144	290	189	165	142	235	119	93	94	176	201	179	92	278	295	163	158	401
Hartwig_CPCT02180043T_Unclustered	267	175	216	218	291	132	186	319	201	161	128	233	150	125	153	289	201	176	147	249	127	99	101	181	213	191	98	288	304	174	168	420
Hartwig_CPCT02180068T_Unclustered	759	503	617	629	843	374	534	903	570	462	363	667	421	352	434	853	581	512	432	745	358	276	281	528	616	548	279	834	881	494	480	1210
Hartwig_CPCT02230051T_Unclustered	104	59	84	85	112	56	69	88	91	69	57	94	52	46	54	113	75	71	58	79	51	40	35	71	86	70	43	117	123	52	57	128
Hartwig_CPCT02230066T_Unclustered	131	87	107	108	147	65	92	157	99	75	63	115	73	61	75	150	100	88	75	125	62	48	50	92	107	94	48	145	154	86	83	210
Hartwig_CPCT02290041T_Unclustered	374	250	306	313	413	184	265	439	281	230	178	330	206	173	214	411	289	256	213	375	176	134	140	258	301	272	137	407	429	244	237	594
Hartwig_CPCT02300023T_Unclustered	182	120	148	149	203	90	127	217	137	110	87	159	102	85	104	209	138	121	103	172	86	67	69	128	149	130	67	202	214	114	115	291
Hartwig_CPCT02300038T_Unclustered	265	178	217	222	291	131	188	313	199	163	126	235	145	122	151	286	205	183	151	263	124	94	99	182	212	193	97	286	301	173	168	419
Hartwig_CPCT02310012T_Unclustered	380	253	310	317	419	187	269	450	285	233	181	335	209	175	217	416	293	260	216	379	178	136	142	257	305	276	139	413	435	247	241	602
Hartwig_CPCT02310017T_Unclustered	712	472	579	590	790	351	501	847	535	434	340	626	395	330	407	799	545	481	405	699	336	259	268	495	578	515	262	782	821	464	450	1135
Hartwig_CPCT02330016T_Unclustered	357	239	292	294	394	176	253	423	268	219	170	315	196	165	204	391	276	245	203	357	168	128	134	246	287	260	131	388	409	233	227	567
Hartwig_CPCT02340030T_Unclustered	430	286	346	358	474	212	304	510	323	263	205	379	237	198	245	474	331	293	244	426	202	154	161	297	346	312	158	468	494	280	272	683
Hartwig_CPCT02340031T_Unclustered	266	177	217	221	291	131	189	313	199	163	127	236	145	123	151	286	204	178	152	255	125	94	100	183	213	194	98	287	301	174	169	419
Hartwig_WIDE01010265T_Unclustered	256	168	208	205	287	127	179	307	193	154	123	224	144	120	147	298	194	169	146	240	122	95	97	181	211	183	94	285	302	167	162	411
Hartwig_WIDE01010545T_Unclustered	414	276	338	345	457	204	293	491	311	253	197	365	228	191	236	455	319	283	235	411	194	149	155	281	333	300	152	451	475	270	262	657
PCAWG_CLLE-ES_DO51967_Unclustered	59	31	53	41	79	31	44	77	36	34	20	67	22	22	22	45	31	27	33	42	23	20	20	36	24	37	16	52	33	15	30	61
PCAWG_CLLE-ES_DO51989_Unclustered	69	28	29	42	62	24	29	77	47	38	21	32	33	33	40	60	48	37	22	48	18	18	14	29	44	52	15	48	69	100	43	239
PCAWG_CLLE-ES_DO51992_Unclustered	95	61	64	71	73	61	62	138	61	60	26	63	52	53	57	82	58	54	41	65	39	28	30	65	63	50	21	81	87	121	99	291
PCAWG_CLLE-ES_DO52698_Unclustered	85	76	129	81	94	59	62	100	72	47	64	72	35	53	57	73	68	45	83	71	40	21	29	62	69	75	41	105	67	79	78	156
PCAWG_CLLE-ES_DO52699_Unclustered	101	69	69	70	112	50	72	118	79	60	45	91	57	47	60	115	70	68	57	71	47	38	42	72	82	75	32	109	118	69	64	160
PCAWG_CLLE-ES_DO52700_Unclustered	61	44	47	49	101	50	52	98	58	42	23	73	49	14	49	85	46	49	43	41	34	25	24	38	54	45	20	77	121	69	62	124
PCAWG_CLLE-ES_DO52701_Unclustered	76	49	51	64	139	42	60	120	62	40	29	70	87	48	77	143	68	46	32	82	57	22	36	72	98	57	22	123	116	60	92	199
PCAWG_CLLE-ES_DO52702_Unclustered	109	70	85	87	114	49	76	111	78	64	46	95	67	54	60	104	82	71	44	75	48	40	38	62	82	72	29	103	113	57	57	139
PCAWG_CLLE-ES_DO52703_Unclustered	87	71	110	84	80	39	66	95	60	49	49	91	24	37	43	78	58	53	62	47	32	29	19	53	55	78	39	71	104	69	78	154
PCAWG_CLLE-ES_DO52704_Unclustered	102	62	84	65	133	66	72	124	79	72	57	87	55	45	71	105	51	69	52	72	41	35	29	65	77	54	26	90	122	86	64	173
PCAWG_CLLE-ES_DO52706_Unclustered	116	61	117	64	66	40	76	75	74	57	60	87	40	35	35	54	84	61	78	67	25	19	17	44	60	79	43	91	58	43	43	102
PCAWG_CLLE-ES_DO52707_Unclustered	78	34	54	50	126	48	59	112	56	42	43	55	64	51	78	132	40	35	36	48	45	32	20	66	58	59	24	94	122	54	59	164
PCAWG_CLLE-ES_DO52708_Unclustered	103	68	84	85	111	51	72	122	77	62	49	90	57	48	59	117	78	69	58	98	49	38	39	72	84	74	38	113	120	67	65	164
PCAWG_CLLE-ES_DO52709_Unclustered	100	70	83	84	113	53	70	121	75	60	39	88	57	51	58	116	68	62	51	69	50	36	42	73	77	74	39	100	121	68	64	161
PCAWG_CLLE-ES_DO52710_Unclustered	103	68	83	85	114	51	72	122	77	62	49	90	57	48	59	116	78	69	56	97	44	38	39	72	84	74	38	113	119	67	65	164
PCAWG_CLLE-ES_DO52711_Unclustered	99	56	74	85	110	46	74	120	77	62	47	91	59	48	57	117	59	67	42	96	49	24	40	73	85	72	40	113	118	65	63	161
PCAWG_CLLE-ES_DO52712_Unclustered	99	58	83	84	111	51	70	119	75	59	48	88	56	46	58	114	77	66	59	89	49	36	37	69	81	74	27	105	116	65	65	158
PCAWG_CLLE-ES_DO52713_Unclustered	82	42	56	51	112	52	84	129	66	53	47	95	64	46	64	135	54	49	39	77	49	34	43	70	82	70	20	103	165	64	74	212
PCAWG_CLLE-ES_DO52714_Unclustered	104	71	84	76	91	43	63	100	76	47	44	75	47	47	42	98	82	57	48	58	40	34	41	53	65	63	32	81	110	66	64	146
PCAWG_CLLE-ES_DO52716_Unclustered	92	60	97	61	63	43	52	122	65	47	41	59	42	37	34	65	95	53	56	50	39	9	22	46	67	82	36	94	63	99	73	211
PCAWG_CLLE-ES_DO52717_Unclustered	135	89	110	111	151	67	95	162	102	82	65	119	76	63	73	155	103	90	77	128	64	50	51	95	111	97	50	150	159	88	86	216
PCAWG_CLLE-ES_DO52718_Unclustered	54	42	45	58	137	45	75	167	49	38	26	50	43	42	46	157	35	31	29	44	37	38	41	66	51	46	13	60	146	89	50	193
PCAWG_CLLE-ES_DO52719_Unclustered	45	36	69	32	54	22	48	59	34	44	38	61	30	26	19	41	44	30	49	49	18	24	20	31	46	36	24	49	60	48	61	133
PCAWG_CLLE-ES_DO52720_Unclustered	73	47	64	70	69	36	52	77	77	64	22	80	46	35	36	68	64	50	49	69	33	26	20	42	69	54	38	63	66	56	65	135
PCAWG_CLLE-ES_DO52721_Unclustered	81	63	68	67	113	57	82	124	68	69	43	103	69	60	70	116	75	63	42	76	44	33	34	69	68	63	28	104	117	71	68	169
PCAWG_CLLE-ES_DO52722_Unclustered	112	69	68	82	89	48	75	121	87	69	46	85	39	40	59	58	66	64	46	69	41	25	29	68	83	85	27	87	129	87	83	178
PCAWG_CLLE-ES_DO52724_Unclustered	105	72	82	85	112	54	72	118	76	65	42	90	53	50	58	71	79	73	46	97	53	37	42	71	85	76	34	117	103	65	49	156
PCAWG_CLLE-ES_DO52725_Unclustered	99	66	75	83	111	50	71	119	76	61	49	87	55	46	58	113	76	59	56	98	47	37	33	65	81	71	37	109	116	66	63	159
PCAWG_CLLE-ES_DO6350_Unclustered	95	51	126	59	84	50	75	86	72	47	57	69	34	39	40	54	60	45	93	68	36	21	40	45	73	75	48	83	50	44	34	72
PCAWG_CLLE-ES_DO6351_Unclustered	133	63	70	116	83	43	66	101	104	55	35	124	44	28	36	40	93	65	53	88	49	39	32	78	79	58	28	78	72	55	42	83
PCAWG_CLLE-ES_DO6352_Unclustered	95	67	88	67	118	42	72	127	68	46	46	73	58	36	56	104	61	59	47	74	42	28	41	50	79	41	38	84	123	42	70	164
PCAWG_CLLE-ES_DO6353_Unclustered	74	55	57	60	106	23	66	90	54	41	35	54	39	31	49	69	53	47	26	50	32	13	24	40	46	51	25	78	94	46	49	95
PCAWG_CLLE-ES_DO6354_Unclustered	84	48	58	61	53	40	50	106	70	59	44	100	29	37	49	48	72	47	37	64	26	14	22	47	61	64	23	77	105	54	59	144
PCAWG_CLLE-ES_DO6362_Unclustered	100	72	81	84	115	50	76	123	75	64	51	88	38	44	50	103	79	71	63	96	49	33	37	66	73	77	39	112	83	67	67	162
PCAWG_CLLE-ES_DO6364_Unclustered	94	42	126	66	70	28	47	112	61	52	52	65	27	24	35	51	64	49	59	66	26	17	16	61	69	65	38	80	50	35	52	71
PCAWG_CLLE-ES_DO6368_Unclustered	103	75	99	66	80	38	72	80	74	46	37	94	31	35	38	55	61	53	68	61	40	39	42	62	65	67	40	87	68	44	41	102
PCAWG_CLLE-ES_DO6370_Unclustered	100	72	83	86	122	58	74	105	81	72	55	93	44	46	59	90	81	69	69	95	56	37	38	79	87	80	43	113	81	72	41	105
PCAWG_CLLE-ES_DO6378_Unclustered	101	72	82	83	114	52	74	119	79	61	50	93	52	42	51	75	82	74	56	81	48	34	39	76	84	74	40	104	103	66	70	162
PCAWG_CLLE-ES_DO6382_Unclustered	78	50	103	82	69	29	59	97	74	57	54	52	48	37	49	54	47	48	62	43	34	21	31	44	44	61	37	52	104	60	68	168
PCAWG_CLLE-ES_DO6388_Unclustered	75	44	106	70	66	42	52	78	46	42	38	52	30	27	44	35	55	47	58	39	26	22	27	40	52	48	36	66	41	25	47	62
PCAWG_CLLE-ES_DO6390_Unclustered	42	30	33	31	36	21	37	41	36	28	10	38	31	15	39	30	20	22	24	22	15	15	15	21	22	37	21	26	60	50	39	116
PCAWG_CLLE-ES_DO6394_Unclustered	87	61	144	80	86	52	61	88	75	58	69	80	38	45	32	61	67	62	106	52	36	36	34	66	77	82	50	88	105	63	72	163
PCAWG_CLLE-ES_DO6396_Unclustered	23	16	25	23	45	16	24	36	15	21	9	27	18	10	18	30	17	14	14	22	8	9	8	25	26	13	4	23	41	23	22	37
PCAWG_CLLE-ES_DO6398_Unclustered	122	79	99	100	136	60	85	145	91	74	58	107	68	57	70	139	92	81	69	116	53	45	46	85	99	87	45	134	142	79	77	194
PCAWG_CLLE-ES_DO6402_Unclustered	99	66	80	82	110	49	70	118	75	60	41	87	55	46	57	113	76	67	56	96	47	36	37	69	81	72	37	109	116	65	63	158
PCAWG_CLLE-ES_DO6410_Unclustered	60	44	77	51	62	39	53	70	62	49	38	50	28	27	31	35	44	47	42	46	15	27	27	33	43	44	25	52	44	38	56	81
PCAWG_CLLE-ES_DO6418_Unclustered	107	68	85	90	125	49	71	96	78	72	41	99	55	44	62	77	68	78	68	76	52	35	42	68	72	99	49	114	85	81	73	97
PCAWG_CLLE-ES_DO6428_Unclustered	103	66	83	87	110	51	76	118	76	65	52	87	54	46	58	88	76	70	59	77	48	37	37	71	86	75	38	112	89	67	65	162
PCAWG_CLLE-ES_DO6430_Unclustered	63	53	81	51	62	32	69	63	59	45	50	64	26	34	29	50	43	41	56	49	24	22	21	42	69	70	40	78	72	37	36	127
PCAWG_CLLE-ES_DO6432_Unclustered	101	67	82	82	112	50	72	118	75	62	37	89	56	46	58	114	73	67	57	69	49	39	38	72	81	74	37	110	117	66	63	158
PCAWG_CLLE-ES_DO6434_Unclustered	67	36	69	60	53	42	60	61	66	38	48	53	25	31	34	49	44	28	34	54	26	25	29	39	56	45	26	58	101	56	45	108
PCAWG_CLLE-ES_DO6436_Unclustered	63	41	60	53	42	33	42	70	47	45	28	72	38	34	34	36	43	41	45	33	29	15	19	43	58	37	32	68	78	67	71	134
PCAWG_CLLE-ES_DO6438_Unclustered	110	73	90	91	123	54	77	132	83	67	53	97	62	51	63	126	84	74	63	105	52	36	42	77	90	79	41	122	129	72	70	176
PCAWG_CLLE-ES_DO6450_Unclustered	64	63	102	53	74	45	73	87	62	47	49	65	32	43	40	95	74	55	59	69	25	29	32	54	63	72	34	87	54	40	38	85
PCAWG_CLLE-ES_DO6470_Unclustered	92	56	82	76	112	55	85	112	101	57	55	102	52	53	61	87	53	38	57	61	45	26	52	65	75	65	47	92	123	67	99	184
PCAWG_CLLE-ES_DO6474_Unclustered	85	48	47	59	86	56	68	139	70	43	26	63	35	41	50	87	55	51	29	43	47	36	28	46	55	54	28	82	76	132	88	290
PCAWG_CLLE-ES_DO6492_Unclustered	99	67	83	74	110	64	76	116	73	50	55	67	55	53	68	120	76	46	69	67	51	32	57	73	79	62	37	96	130	55	78	136
PCAWG_CLLE-ES_DO6504_Unclustered	110	69	87	97	105	56	75	135	70	61	48	77	42	42	55	56	81	73	73	66	48	35	37	70	62	74	47	88	129	71	65	172
PCAWG_CLLE-ES_DO6513_Unclustered	101	66	63	83	117	49	71	109	75	53	41	90	60	49	60	121	78	56	50	86	43	28	45	80	81	57	37	119	124	71	65	163
PCAWG_CLLE-ES_DO6549_Unclustered	113	63	61	99	118	50	89	100	70	42	32	83	56	46	64	65	63	42	24	70	70	25	55	55	83	66	39	100	106	43	52	105
PCAWG_CLLE-ES_DO6552_Unclustered	71	63	66	72	70	49	65	101	67	62	38	94	27	27	46	58	64	56	41	68	38	33	30	60	53	67	32	89	72	52	82	131
PCAWG_CLLE-ES_DO6558_Unclustered	58	42	48	40	46	24	51	40	62	40	31	54	23	19	25	24	35	30	41	37	23	20	17	31	36	31	23	64	42	24	23	53
PCAWG_CLLE-ES_DO6561_Unclustered	128	60	91	82	91	47	88	87	88	61	59	97	41	41	54	56	67	68	52	79	51	30	47	64	84	90	32	107	82	62	52	112
PCAWG_CLLE-ES_DO6580_Unclustered	93	48	109	64	70	42	65	78	48	59	53	56	28	25	35	42	48	54	67	49	25	15	21	53	54	63	39	62	48	40	36	75
PCAWG_CLLE-ES_DO6585_Unclustered	84	36	64	67	102	39	84	113	56	43	31	74	72	30	45	107	56	46	41	57	37	41	38	57	62	44	25	88	113	39	57	186
PCAWG_CLLE-ES_DO6610_Unclustered	63	44	59	56	70	43	51	69	69	44	28	54	27	27	34	53	57	30	35	53	37	26	24	43	54	47	20	76	56	32	31	65
PCAWG_CLLE-ES_DO6665_Unclustered	78	54	62	66	83	33	41	73	46	38	26	60	28	23	23	62	59	37	37	61	36	27	26	60	49	50	29	70	70	40	20	89
PCAWG_CLLE-ES_DO6690_Unclustered	104	88	104	78	85	58	77	88	75	55	70	95	41	35	53	57	61	68	80	69	29	34	39	36	76	75	64	96	69	93	81	182
PCAWG_CLLE-ES_DO6695_Unclustered	99	59	111	71	76	42	69	65	74	57	50	62	35	27	39	40	67	50	78	56	32	31	27	33	70	66	43	77	65	41	45	74
PCAWG_CLLE-ES_DO6742_Unclustered	101	66	81	83	113	49	71	119	76	60	51	89	46	47	60	94	79	69	57	90	46	38	39	61	83	72	37	109	112	68	65	159
PCAWG_CLLE-ES_DO6748_Unclustered	66	56	65	49	47	38	44	102	72	57	34	88	33	27	30	89	43	39	43	43	24	27	17	64	60	48	20	45	62	62	61	158
PCAWG_CLLE-ES_DO6754_Unclustered	61	43	65	45	86	36	49	67	48	25	29	61	41	21	46	76	48	36	39	49	29	24	22	38	54	46	27	64	102	40	33	108
PCAWG_CLLE-ES_DO6898_Unclustered	99	69	87	80	102	49	73	125	82	64	52	90	40	54	64	103	78	67	64	80	33	45	42	76	82	75	39	84	95	66	69	164
PCAWG_CLLE-ES_DO6934_Unclustered	114	75	93	94	127	56	80	136	86	69	55	100	60	53	65	130	87	76	65	109	54	42	43	80	93	82	42	126	133	74	72	182
PCAWG_CLLE-ES_DO6946_Unclustered	70	44	70	49	69	31	60	106	59	59	29	65	30	31	26	59	49	45	37	53	29	17	29	38	46	64	21	68	100	75	65	160
PCAWG_CLLE-ES_DO7018_Unclustered	70	57	58	62	121	55	68	98	66	54	42	73	69	45	54	103	76	47	43	46	53	31	24	56	69	59	28	85	161	91	62	183
PCAWG_CLLE-ES_DO7024_Unclustered	79	46	64	64	109	38	63	110	67	56	34	61	64	41	49	91	61	34	40	61	42	29	37	56	58	65	34	76	140	74	96	156
PCAWG_CLLE-ES_DO7084_Unclustered	100	75	99	88	109	66	115	124	68	74	36	95	59	47	71	77	57	57	56	72	43	28	52	62	69	65	32	92	57	55	40	80
PCAWG_CLLE-ES_DO7108_Unclustered	84	61	75	77	127	39	78	100	62	51	44	59	45	48	42	91	72	47	45	55	59	46	25	81	74	67	41	114	104	43	45	136
PCAWG_CLLE-ES_DO7112_Unclustered	99	65	80	82	110	49	70	118	75	60	47	87	55	46	57	113	76	67	53	97	47	36	37	69	81	71	36	109	115	65	63	158
PCAWG_CLLE-ES_DO7124_Unclustered	108	67	77	70	77	37	69	107	61	62	32	101	36	24	41	57	66	65	41	98	35	25	27	45	49	55	26	71	85	62	56	117
PCAWG_CLLE-ES_DO7136_Unclustered	78	52	43	60	100	43	70	110	53	36	33	61	45	30	47	96	63	47	34	45	39	25	31	64	67	58	39	96	105	46	53	127
PCAWG_CLLE-ES_DO7166_Unclustered	101	65	84	83	111	50	72	120	75	66	51	91	47	48	56	76	80	68	62	78	49	37	39	72	83	77	42	110	121	65	52	158
PCAWG_CLLE-ES_DO7172_Unclustered	100	49	71	73	80	36	71	66	64	65	46	63	35	33	33	47	54	51	65	55	37	20	28	51	60	72	31	55	67	54	53	76
PCAWG_CLLE-ES_DO7196_Unclustered	112	48	63	71	118	50	71	143	74	51	45	69	56	50	77	116	72	60	50	73	60	34	47	65	50	82	34	103	121	68	87	159
PCAWG_CLLE-ES_DO7214_Unclustered	146	96	118	120	163	72	102	174	110	88	70	128	81	68	79	167	111	97	83	138	69	54	55	102	119	105	54	161	171	95	92	233
PCAWG_CLLE-ES_DO7280_Unclustered	110	75	81	84	117	51	77	121	61	65	49	97	52	47	57	114	68	55	57	72	47	38	41	75	81	60	42	89	110	65	67	165
PCAWG_CLLE-ES_DO7304_Unclustered	36	16	22	31	46	21	9	94	24	27	10	39	22	32	28	51	26	17	16	32	14	10	10	25	37	21	8	32	89	43	56	144
PCAWG_CLLE-ES_DO7328_Unclustered	77	52	70	49	48	24	62	57	49	33	37	51	19	30	27	49	55	45	38	46	16	14	17	36	65	71	28	80	44	34	23	51
PCAWG_MALY-DE_DO221123_Unclustered	478	318	390	398	529	236	338	568	359	293	228	421	264	221	273	530	368	326	272	475	225	172	180	331	386	347	176	522	551	312	303	756
PCAWG_MALY-DE_DO221124_Unclustered	357	239	292	298	389	176	253	423	268	219	170	315	196	165	204	391	276	245	203	357	168	128	134	246	287	260	131	388	409	233	226	567
PCAWG_MALY-DE_DO221127_Unclustered	239	157	194	196	268	118	167	286	180	144	115	209	134	112	137	278	181	158	136	226	109	89	90	169	197	171	88	266	282	156	151	383
PCAWG_MALY-DE_DO221129_Unclustered	176	111	143	144	196	87	123	210	132	106	84	154	98	82	101	202	133	117	100	167	83	65	66	123	144	126	65	195	206	114	111	281
PCAWG_MALY-DE_DO27763_Unclustered	56	35	50	44	45	12	29	43	39	23	27	46	26	18	24	41	37	15	30	45	13	14	9	20	48	24	26	80	26	41	15	62
PCAWG_MALY-DE_DO27764_Unclustered	99	68	80	83	107	50	63	119	75	62	48	89	57	48	57	114	77	67	57	75	40	38	38	70	83	74	37	111	118	66	63	159
PCAWG_MALY-DE_DO27765_Unclustered	100	73	114	102	63	34	58	98	81	54	84	90	46	45	51	117	98	50	63	92	37	28	25	70	106	77	56	134	81	67	44	115
PCAWG_MALY-DE_DO27767_Unclustered	138	91	112	113	154	68	96	164	99	83	66	121	77	64	79	158	104	90	78	131	65	51	52	96	112	99	51	152	161	90	87	220
PCAWG_MALY-DE_DO27769_Unclustered	114	75	93	94	127	56	80	136	86	69	55	100	59	53	65	130	86	74	65	109	54	42	43	80	93	82	42	126	133	74	72	182
PCAWG_MALY-DE_DO27771_Unclustered	144	95	117	118	156	71	101	172	108	87	69	126	80	67	82	165	109	96	82	135	68	53	54	101	118	103	53	159	169	94	91	230
PCAWG_MALY-DE_DO27773_Unclustered	125	82	102	103	140	62	88	149	94	76	60	110	70	58	72	143	95	82	71	119	59	46	47	88	102	90	46	138	146	77	79	200
PCAWG_MALY-DE_DO27775_Unclustered	104	61	74	82	96	50	61	120	79	69	49	78	60	48	61	113	76	47	64	88	35	29	38	77	87	72	43	110	121	68	69	162
PCAWG_MALY-DE_DO27777_Unclustered	230	151	186	188	257	113	160	275	173	139	110	201	129	107	132	266	174	152	130	216	109	85	87	162	189	165	80	255	271	150	145	368
PCAWG_MALY-DE_DO27779_Unclustered	569	378	464	473	631	281	401	676	428	348	272	501	315	259	326	635	437	386	324	561	268	206	214	395	461	412	209	623	658	371	360	906
PCAWG_MALY-DE_DO27781_Unclustered	99	66	80	82	110	49	70	118	75	60	47	87	55	46	57	113	76	67	56	90	47	36	37	69	81	72	37	109	116	65	63	158
PCAWG_MALY-DE_DO27783_Unclustered	404	269	329	337	445	199	286	478	303	247	192	356	222	186	230	444	311	276	230	402	185	145	151	278	325	293	148	439	463	263	256	641
PCAWG_MALY-DE_DO27785_Unclustered	110	73	90	91	123	55	77	132	83	67	53	97	62	51	63	126	84	74	63	104	52	36	42	77	90	79	41	122	129	72	70	176
PCAWG_MALY-DE_DO27787_Unclustered	164	108	133	134	183	81	115	196	123	99	79	139	92	76	94	188	124	109	93	156	78	60	62	115	134	118	60	182	192	107	104	262
PCAWG_MALY-DE_DO27789_Unclustered	106	70	87	88	119	53	75	127	80	60	51	93	59	49	61	121	81	71	60	101	50	39	40	74	87	77	39	117	124	69	67	170
PCAWG_MALY-DE_DO27791_Unclustered	99	66	81	82	111	49	70	118	75	61	48	87	56	46	57	113	76	50	57	97	47	37	38	70	81	72	37	110	116	65	63	158
PCAWG_MALY-DE_DO27793_Unclustered	117	77	95	96	130	58	82	139	88	71	56	102	65	54	67	133	89	78	66	109	55	43	44	77	95	84	43	129	136	76	74	186
PCAWG_MALY-DE_DO27795_Unclustered	103	67	81	61	115	47	71	120	77	60	48	91	57	48	58	117	73	58	60	72	47	37	32	70	81	76	39	113	118	68	66	159
PCAWG_MALY-DE_DO27797_Unclustered	163	107	132	134	182	81	114	195	123	99	78	143	91	76	94	188	124	104	93	155	77	60	62	115	134	117	60	181	192	106	103	261
PCAWG_MALY-DE_DO27799_Unclustered	99	66	81	82	110	49	70	118	75	60	48	87	55	46	57	113	76	67	57	97	47	37	38	70	81	72	37	96	116	65	63	158
PCAWG_MALY-DE_DO27801_Unclustered	250	164	203	204	280	123	174	299	188	151	120	218	140	117	144	290	189	165	142	235	119	93	94	176	201	179	92	278	295	163	158	401
PCAWG_MALY-DE_DO27803_Unclustered	265	178	217	222	291	131	189	313	199	163	126	235	145	122	151	286	206	182	151	260	124	94	99	182	212	193	97	287	302	173	168	419
PCAWG_MALY-DE_DO27805_Unclustered	212	139	172	174	237	105	148	254	160	128	102	186	119	99	122	246	161	140	116	201	101	78	80	149	174	152	78	236	250	138	134	340
PCAWG_MALY-DE_DO27807_Unclustered	170	112	138	140	190	84	119	203	128	103	82	149	95	79	98	196	129	113	97	162	81	63	64	115	139	122	63	189	200	111	108	272
PCAWG_MALY-DE_DO27809_Unclustered	239	157	194	196	268	118	167	286	180	144	115	209	134	112	137	278	181	158	136	226	113	89	90	169	192	171	88	266	282	156	151	383
PCAWG_MALY-DE_DO27815_Unclustered	89	36	109	61	66	21	40	91	82	52	61	73	38	46	35	106	84	52	65	79	21	21	22	52	85	72	54	101	98	31	44	120
PCAWG_MALY-DE_DO27817_Unclustered	103	68	79	85	114	51	72	122	77	62	49	90	57	48	59	116	78	69	58	98	49	38	37	72	84	74	38	113	120	67	65	164
PCAWG_MALY-DE_DO27819_Unclustered	139	92	113	114	155	69	97	166	105	84	67	122	78	65	80	159	102	93	79	132	66	51	52	97	114	100	51	154	163	91	88	222
PCAWG_MALY-DE_DO27821_Unclustered	99	66	80	82	110	49	70	118	75	60	47	87	55	46	57	113	76	67	56	93	47	36	37	69	81	71	36	109	115	65	63	158
PCAWG_MALY-DE_DO27823_Unclustered	85	66	88	71	61	25	36	78	75	45	62	77	54	35	51	97	85	37	76	75	33	22	29	44	68	54	62	101	57	42	36	83
PCAWG_MALY-DE_DO27825_Unclustered	102	64	81	83	107	37	69	118	75	63	48	87	56	49	58	114	78	58	57	100	35	38	32	68	83	72	37	113	118	65	65	160
PCAWG_MALY-DE_DO27827_Unclustered	345	230	282	288	380	170	244	408	259	212	164	304	189	159	197	377	266	237	196	345	162	123	129	237	277	251	126	374	395	225	214	547
PCAWG_MALY-DE_DO27829_Unclustered	103	49	83	72	111	48	65	118	75	63	52	91	58	40	57	115	76	61	58	102	42	39	27	74	85	72	39	111	116	66	63	162
PCAWG_MALY-DE_DO27833_Unclustered	314	210	257	263	341	155	223	372	236	193	149	278	172	145	179	342	243	216	179	314	147	112	118	216	252	229	115	340	359	205	199	498
PCAWG_MALY-DE_DO27835_Unclustered	173	114	140	142	193	85	121	206	130	104	83	151	97	80	99	199	131	115	98	164	82	64	65	121	141	124	59	191	203	113	109	276
PCAWG_MALY-DE_DO27837_Unclustered	122	80	99	100	136	60	85	145	92	74	58	107	68	57	70	139	93	81	69	116	58	45	46	85	99	83	45	135	143	79	77	195
PCAWG_MALY-DE_DO27841_Unclustered	101	67	82	84	113	50	71	121	76	62	47	89	56	47	58	115	77	68	58	97	48	37	38	71	83	73	37	112	118	66	64	157
PCAWG_MALY-DE_DO27843_Unclustered	131	89	110	111	151	67	95	162	102	82	65	119	76	63	78	155	103	90	77	129	64	50	51	95	111	97	50	150	159	88	86	217
PCAWG_MALY-DE_DO27845_Unclustered	99	66	81	82	110	49	70	118	75	60	47	87	55	46	57	113	76	67	57	86	47	37	38	70	81	72	35	110	116	65	63	158
PCAWG_MALY-DE_DO27847_Unclustered	151	100	123	124	169	75	106	181	114	91	73	133	85	66	87	174	115	101	86	142	72	56	57	106	124	109	56	168	178	99	96	242
PCAWG_MALY-DE_DO27849_Unclustered	198	130	156	162	221	98	138	237	149	120	95	173	111	92	114	228	150	131	112	187	94	73	75	139	162	142	73	220	233	129	125	317
PCAWG_MALY-DE_DO27851_Unclustered	665	441	541	551	738	328	468	791	500	405	318	584	369	308	380	747	509	445	378	654	314	242	250	463	540	481	244	730	771	433	421	1060
PCAWG_MALY-DE_DO27853_Unclustered	488	325	398	407	540	241	345	580	367	299	233	430	269	226	279	541	376	333	278	485	230	176	183	338	394	354	179	533	562	318	309	772
PCAWG_MALY-DE_DO27855_Unclustered	182	119	147	149	203	90	127	217	137	110	87	159	102	85	104	209	138	121	103	172	86	67	68	128	149	130	67	201	213	118	115	286
PCAWG_MALY-DE_DO27857_Unclustered	227	149	184	186	254	112	158	271	171	137	109	198	127	106	130	263	167	150	129	214	108	84	86	160	186	163	83	252	267	148	143	363
PCAWG_MALY-DE_DO27859_Unclustered	150	99	122	123	167	74	105	179	113	91	72	131	84	70	86	172	114	100	85	139	71	55	56	105	123	103	55	166	176	98	95	239
PCAWG_MALY-DE_DO52647_Unclustered	225	143	182	184	252	111	157	269	169	136	108	197	126	105	129	261	170	149	128	212	107	83	85	158	185	161	83	250	265	146	142	360
PCAWG_MALY-DE_DO52649_Unclustered	131	86	106	107	146	65	87	156	98	79	63	115	73	61	75	150	99	87	74	125	62	48	49	92	107	94	48	145	153	85	83	209
PCAWG_MALY-DE_DO52650_Unclustered	410	273	334	342	452	202	290	486	308	251	195	361	221	189	234	451	316	280	233	408	192	147	154	283	330	297	150	446	470	267	260	651
PCAWG_MALY-DE_DO52651_Unclustered	243	155	197	199	272	120	170	291	183	147	117	213	137	114	140	283	184	161	138	228	115	90	92	172	200	174	90	271	287	158	154	390
PCAWG_MALY-DE_DO52652_Unclustered	265	178	217	222	291	131	188	313	199	163	126	235	145	122	151	286	205	183	151	262	124	94	99	182	212	193	97	286	302	173	168	419
PCAWG_MALY-DE_DO52653_Unclustered	182	120	148	149	203	90	127	217	137	110	87	159	102	85	104	209	138	121	103	173	86	67	69	128	149	126	67	202	214	119	115	291
PCAWG_MALY-DE_DO52654_Unclustered	265	178	217	222	291	131	189	313	199	163	126	235	145	122	151	286	206	182	151	260	124	94	99	182	212	193	97	287	302	173	168	419
PCAWG_MALY-DE_DO52655_Unclustered	345	230	281	288	380	170	244	408	259	212	164	304	189	159	197	377	266	237	196	345	162	123	129	237	277	251	126	374	394	220	218	547
PCAWG_MALY-DE_DO52656_Unclustered	99	66	81	82	110	49	70	118	75	60	48	87	55	35	57	113	76	67	57	94	47	37	38	70	81	72	37	110	116	65	63	158
PCAWG_MALY-DE_DO52657_Unclustered	158	104	128	130	177	78	111	189	119	96	76	139	84	74	91	182	120	105	90	150	75	58	60	111	130	114	58	175	186	103	100	253
PCAWG_MALY-DE_DO52658_Unclustered	100	66	81	84	95	50	74	121	79	66	50	94	61	48	61	85	81	73	59	100	45	40	37	55	86	72	40	111	108	68	63	134
PCAWG_MALY-DE_DO52659_Unclustered	265	178	217	222	291	130	188	313	199	163	126	234	145	122	151	286	205	183	151	266	124	94	99	181	212	193	97	286	301	173	168	419
PCAWG_MALY-DE_DO52661_Unclustered	191	126	155	157	214	95	134	229	144	116	92	163	107	89	110	221	145	127	109	181	91	71	72	135	157	137	70	212	225	125	121	306
PCAWG_MALY-DE_DO52662_Unclustered	107	71	87	88	119	53	75	128	76	65	51	94	60	50	61	121	81	72	61	102	51	39	40	75	87	77	39	118	125	70	68	171
PCAWG_MALY-DE_DO52663_Unclustered	301	201	246	252	331	148	213	356	226	185	143	266	165	138	171	327	228	207	171	300	141	107	113	206	241	219	110	326	343	196	191	476
PCAWG_MALY-DE_DO52664_Unclustered	297	199	243	249	327	146	211	351	223	183	141	258	163	137	169	323	230	205	169	298	139	106	111	204	238	216	109	322	339	194	188	471
PCAWG_MALY-DE_DO52665_Unclustered	297	199	243	249	327	146	211	351	223	183	141	262	163	137	169	323	230	205	169	298	139	106	111	204	238	216	109	322	339	189	188	471
PCAWG_MALY-DE_DO52666_Unclustered	539	358	439	448	597	265	380	640	405	329	257	474	298	249	308	600	414	366	307	531	254	195	198	374	436	390	198	590	622	351	341	858
PCAWG_MALY-DE_DO52667_Unclustered	294	197	240	246	323	145	209	348	221	181	140	260	161	135	168	320	227	203	167	294	138	105	110	202	236	214	108	319	331	192	186	466
PCAWG_MALY-DE_DO52668_Unclustered	69	43	90	65	66	32	40	95	56	38	56	66	49	34	36	99	56	47	50	47	37	16	26	48	61	50	36	117	88	33	52	121
PCAWG_MALY-DE_DO52669_Unclustered	197	130	160	162	221	98	138	236	149	119	95	173	111	92	113	228	145	131	112	187	94	73	74	139	162	142	73	219	232	129	125	316
PCAWG_MALY-DE_DO52670_Unclustered	481	320	392	400	532	237	340	571	361	294	229	424	265	222	275	533	370	328	274	477	226	173	176	333	388	349	177	525	554	313	305	765
PCAWG_MALY-DE_DO52671_Unclustered	309	206	252	258	339	152	219	365	232	190	147	273	169	142	176	335	239	212	175	309	140	110	116	212	247	225	113	334	352	201	196	489
PCAWG_MALY-DE_DO52672_Unclustered	399	266	326	333	440	197	282	473	300	245	190	352	219	184	228	439	308	273	227	397	187	143	150	275	321	290	142	434	458	260	253	634
PCAWG_MALY-DE_DO52673_Unclustered	5	3	1	0	3	2	5	9	9	5	0	10	1	2	3	8	6	4	0	3	2	4	1	6	10	5	0	7	9	5	2	7
PCAWG_MALY-DE_DO52674_Unclustered	478	318	390	398	529	236	338	567	359	293	228	421	264	221	273	525	368	326	272	474	225	172	179	331	386	347	176	522	551	311	303	760
PCAWG_MALY-DE_DO52675_Unclustered	338	226	276	282	372	166	239	400	253	207	161	298	185	151	193	369	261	232	192	337	158	121	127	232	271	246	124	367	386	220	214	536
PCAWG_MALY-DE_DO52676_Unclustered	118	78	96	97	132	58	83	141	89	72	57	104	66	55	68	135	90	79	67	112	56	43	40	83	96	85	43	130	138	77	75	189
PCAWG_MALY-DE_DO52677_Unclustered	207	139	172	173	237	105	148	253	159	128	101	185	119	99	121	245	160	140	120	200	100	78	80	149	174	152	78	235	249	138	134	339
PCAWG_MALY-DE_DO52679_Unclustered	546	363	445	454	605	269	385	649	410	334	261	481	302	253	312	609	419	371	311	540	257	193	205	379	442	396	201	598	631	356	346	870
PCAWG_MALY-DE_DO52680_Unclustered	99	66	82	84	112	50	72	120	75	58	38	87	56	46	58	113	78	69	40	85	48	36	39	70	81	73	38	109	118	67	65	159
PCAWG_MALY-DE_DO52681_Unclustered	265	178	218	223	291	131	188	314	199	164	127	234	145	123	151	286	203	181	151	257	125	95	99	182	212	193	97	287	302	174	169	419
PCAWG_MALY-DE_DO52682_Unclustered	95	66	81	82	111	49	70	119	75	61	48	87	55	46	57	113	76	67	54	97	47	36	38	70	81	72	37	110	116	65	63	159
PCAWG_MALY-DE_DO52683_Unclustered	100	66	81	81	111	49	70	119	75	61	48	87	51	46	57	113	76	67	57	97	47	36	38	70	81	72	37	110	116	65	63	159
PCAWG_MALY-DE_DO52684_Unclustered	527	350	429	438	583	260	372	626	396	322	251	464	291	244	301	586	404	358	300	521	248	190	198	365	426	382	194	576	608	343	334	834
PCAWG_MALY-DE_DO52685_Unclustered	293	196	239	245	322	144	208	346	220	180	139	259	160	135	167	318	226	197	166	294	137	104	110	201	234	213	107	317	334	191	185	464
PCAWG_MALY-DE_DO52686_Unclustered	1375	910	1118	1138	1530	678	966	1638	1034	837	658	1207	765	638	788	1556	1051	926	783	1346	650	502	518	960	1120	993	501	1516	1601	895	869	2195
PCAWG_MALY-DE_DO52687_Unclustered	250	164	202	204	280	123	174	299	188	151	120	218	140	117	143	290	189	165	142	235	119	93	94	176	205	179	92	278	294	158	158	400
PCAWG_MALY-DE_DO52688_Unclustered	167	110	136	137	187	83	117	200	126	101	80	146	89	78	96	192	127	111	95	159	79	62	63	117	137	120	61	185	196	109	106	267
PCAWG_MALY-DE_DO52689_Unclustered	270	181	216	226	296	133	192	319	202	166	128	239	147	124	154	292	209	186	153	271	126	96	101	185	216	197	99	292	307	176	171	427
PCAWG_MALY-DE_DO52690_Unclustered	121	80	98	99	135	60	85	144	91	73	58	106	67	56	69	138	92	81	69	114	57	44	46	80	99	87	44	133	141	79	76	193
PCAWG_MALY-DE_DO52691_Unclustered	83	40	77	54	54	24	56	70	48	39	45	49	42	29	51	92	64	33	47	64	32	15	27	39	52	54	31	108	86	26	39	89
PCAWG_MALY-DE_DO52692_Unclustered	782	518	636	648	869	381	550	931	588	476	374	687	434	363	448	881	598	528	445	766	369	285	294	545	636	565	287	860	908	509	494	1247
PCAWG_MALY-DE_DO52693_Unclustered	248	163	201	203	278	123	173	297	187	150	119	217	139	116	143	288	183	164	141	232	118	92	94	175	204	178	91	276	293	162	157	398
PCAWG_MALY-DE_DO52694_Unclustered	186	122	151	152	208	92	130	222	140	112	89	163	104	87	102	214	141	123	105	176	88	69	70	131	152	133	68	206	218	121	117	297
PCAWG_MALY-DE_DO52695_Unclustered	107	74	91	92	124	55	78	133	84	68	53	98	62	52	64	127	85	74	63	106	53	41	42	78	91	80	41	123	130	73	71	178
PCAWG_MALY-DE_DO52696_Unclustered	87	46	92	54	72	41	54	97	89	45	65	59	50	57	60	202	77	40	67	66	31	28	20	57	71	46	36	84	91	40	47	147
TCGA_DLBC-US_DO222303_Unclustered	167	110	136	137	187	83	117	195	126	101	80	146	93	78	96	192	127	110	95	160	79	62	63	117	137	120	61	185	196	109	106	267
TCGA_DLBC-US_DO222304_Unclustered	265	176	218	220	291	133	187	316	199	162	129	235	146	122	151	288	203	177	153	253	124	95	97	183	214	192	99	286	302	175	170	420
TCGA_DLBC-US_DO222305_Unclustered	385	257	314	321	425	190	273	457	289	236	183	340	212	178	220	423	297	264	219	384	181	138	145	266	310	280	141	419	442	251	244	607
TCGA_DLBC-US_DO222306_Unclustered	604	401	492	501	670	298	426	718	454	369	289	531	335	280	346	677	463	409	344	595	285	219	227	420	490	437	222	663	700	389	382	963
TCGA_DLBC-US_DO222307_Unclustered	273	183	223	229	300	134	194	322	205	168	130	241	149	125	155	295	211	188	155	275	128	97	102	187	218	199	100	295	306	178	173	432
TCGA_DLBC-US_DO222308_Unclustered	233	153	189	191	261	115	162	279	175	141	112	204	131	109	134	270	176	154	132	219	106	86	88	164	191	167	86	259	275	152	147	373
TCGA_DLBC-US_DO222309_Unclustered	334	223	273	279	368	160	237	396	251	205	159	295	183	154	191	365	258	229	190	335	157	119	125	230	268	243	123	363	382	218	212	530
